MatchID,Team,Player,Card,Minute
GA1,BATAKA FC,Edgar Turyahabwe,Yellow,72
GA1,ABOMUTIMA FC,Timothy Bainomugisha,Yellow,10
GB1,KYANGABUKAMA FC,Frank Arinaitwe,Yellow,88
GB1,KYANGABUKAMA FC,Felix Tumusiime,Yellow,29
GB1,AMARO FC,Frank Kansiime,Yellow,73
GB1,AMARO FC,Frank Kansiime,Yellow,12
GB2,ENSHERA FC,Allan Nuwagaba,Yellow,52
GB2,ENSHERA FC,Edgar Rwakakooko,Yellow,77
GC1,KAJWAMBARA FC,Hillary Kansiime,Yellow,66
GA3,BATAKA FC,Timothy Kamugisha,Yellow,64
GA3,AKARERE FC,Innocent Tumwine,Yellow,46
GA3,AKARERE FC,Elvis Katusiime,Yellow,82
GA3,AKARERE FC,Innocent Ankunda,Red,56
GA4,AKAKOMIIRE FC,Emmanuel Turyahabwe,Yellow,88
GA4,AKAKOMIIRE FC,Felix Kansiime,Yellow,77
GB4,AMARO FC,Nelson Ampaire,Yellow,38
GB4,AMARO FC,Frank Kansiime,Yellow,60
GC2,SC MASIRI,Frank Byaruhanga,Yellow,89
GC2,SC MASIRI,Jonan Nuwagaba,Yellow,33
GA5,AKAKOMIIRE FC,Emmanuel Turyahabwe,Yellow,50
GA5,AKAKOMIIRE FC,Samuel Baguma,Yellow,51
GA6,ABOMUTIMA FC,Samuel Besigye,Yellow,16
GA6,ABOMUTIMA FC,Isaac Ainebyoona,Yellow,39
GB5,ABASWAAMI FC,Felix Tumwine,Yellow,44
GB5,ABASWAAMI FC,Derrick Mwesigye,Yellow,28
GB5,KYANGABUKAMA FC,Denis Bainomugisha,Yellow,85
GB5,KYANGABUKAMA FC,Denis Bainomugisha,Yellow,43
GB6,AMARO FC,Timothy Arinaitwe,Yellow,70
GB6,AMARO FC,Nelson Ampaire,Yellow,34
GB6,ENSHERA FC,Innocent Ampaire,Yellow,62
GC3,SC MASIRI,Brian Bamwine,Yellow,57
GC3,ABABAAGI FC,Martin Katusiime,Yellow,55
K1,KYANGABUKAMA FC,Nelson Tumwine,Yellow,29
K1,KYANGABUKAMA FC,Rogers Mwesigye,Yellow,29
K2,AMARO FC,Arthur Byamukama,Yellow,62
K2,AMARO FC,Timothy Arinaitwe,Yellow,55
K3,AKARERE FC,Joel Ankunda,Yellow,90
K4,ABOMUTIMA FC,Allan Besigye,Yellow,26
