MatchID,Team,Scorer,Assist,Minute,Type
GA1,ABOMUTIMA FC,Samuel Besigye,,17,Penalty
GA1,BATAKA FC,Martin Bainomugisha,,57,
GA1,BATAKA FC,Gerald Mwesigye,,82,OG
GB1,AMARO FC,Nelson Arinaitwe,,19,OG
GB1,AMARO FC,Frank Arinaitwe,,26,OG
GB1,AMARO FC,Collins Bainomugisha,Timothy Arinaitwe,31,
GB1,KYANGABUKAMA FC,Nelson Tumwine,,44,
GB2,ENSHERA FC,Denis Atuhaire,Martin Ainebyoona,15,
GB2,ENSHERA FC,Edgar Rwakakooko,Martin Ainebyoona,19,
GC1,ABABAAGI FC,Martin Kyarisiima,Allan Twinomujuni,62,
GA3,BATAKA FC,Elvis Katusiime,,53,OG
GA3,AKARERE FC,Innocent Ankunda,,65,Penalty
GA4,ABOMUTIMA FC,Allan Besigye,Elvis Turyahabwe,50,
GA4,ABOMUTIMA FC,Elvis Turyahabwe,,52,
GA4,ABOMUTIMA FC,Timothy Bainomugisha,Owen Bamwine,58,
GB3,KYANGABUKAMA FC,Moses Ahimbisibwe,,4,
GB3,ENSHERA FC,Edgar Rwakakooko,Samuel Ahimbisibwe,61,
GB3,ENSHERA FC,Edgar Rwakakooko,,64,
GB3,KYANGABUKAMA FC,Nelson Tumwine,Rogers Mwesigye,84,
GB4,AMARO FC,Derrick Mwesigye,,12,OG
GC2,KAJWAMBARA FC,Owen Byaruhanga,Hillary Byaruhanga,33,
GC2,KAJWAMBARA FC,Hillary Byaruhanga,,47,
GC2,SC MASIRI,Derrick Atuhaire,,51,OG
GA5,AKAKOMIIRE FC,Emmanuel Mwesigye,Denis Ankunda,7,
GA5,BATAKA FC,Patrick Atuhaire,,29,Penalty
GA5,BATAKA FC,Brian Atuhaire,Timothy Kamugisha,48,
GA6,ABOMUTIMA FC,Elvis Turyahabwe,,9,Penalty
GA6,AKARERE FC,Innocent Ankunda,Emmanuel Ampaire,15,
GA6,AKARERE FC,Owen Arinaitwe,Joel Ankunda,23,
GA6,ABOMUTIMA FC,Elvis Turyahabwe,,39,Penalty
GB5,ABASWAAMI FC,Derrick Kyarisiima,Nelson Kamugisha,24,
GB5,KYANGABUKAMA FC,Nelson Tumwine,Rogers Mwesigye,74,
GB6,ENSHERA FC,Frank Kansiime,,3,OG
GC3,SC MASIRI,Brian Bamwine,,84,Penalty
GC3,ABABAAGI FC,Nelson Niwagaba,,87,
K1,BATAKA FC,Owen Tumusiime,Martin Bainomugisha,17,
K1,BATAKA FC,Timothy Kamugisha,,70,
K2,KAJWAMBARA FC,Edgar Tumwine,,12,
K2,AMARO FC,Frank Kansiime,,34,
K3,ENSHERA FC,Edgar Rwakakooko,,27,
K3,AKARERE FC,Innocent Ankunda,Emmanuel Ampaire,53,
K3,ENSHERA FC,Edgar Rwakakooko,Hillary Arinaitwe,65,
K3,ENSHERA FC,Edgar Rwakakooko,,76,
