MatchID,Team,Possession,Shots,ShotsOnTarget,Corners,Fouls,Offsides,Saves
GA1,BATAKA FC,40,5,3,9,12,0,1
GA1,ABOMUTIMA FC,60,4,2,8,15,1,1
GA2,AKARERE FC,61,3,3,1,8,0,2
GA2,AKAKOMIIRE FC,39,9,2,4,12,1,3
GB1,KYANGABUKAMA FC,41,11,4,4,9,2,1
GB1,AMARO FC,59,13,4,3,13,0,3
GB2,ENSHERA FC,45,9,6,2,7,2,1
GB2,ABASWAAMI FC,55,8,1,1,15,2,4
GC1,ABABAAGI FC,38,11,3,5,13,1,1
GC1,KAJWAMBARA FC,62,5,1,6,6,4,2
GA3,BATAKA FC,53,4,4,4,15,0,1
GA3,AKARERE FC,47,4,2,8,8,1,3
GA4,ABOMUTIMA FC,43,6,6,4,5,2,3
GA4,AKAKOMIIRE FC,57,9,3,7,14,4,3
GB3,KYANGABUKAMA FC,58,6,4,1,15,4,2
GB3,ENSHERA FC,42,9,4,6,13,1,2
GB4,AMARO FC,50,9,3,4,6,4,3
GB4,ABASWAAMI FC,50,9,3,4,13,2,2
GC2,KAJWAMBARA FC,55,6,4,7,7,0,2
GC2,SC MASIRI,45,9,3,9,10,0,2
GA5,AKAKOMIIRE FC,58,6,5,4,7,3,1
GA5,BATAKA FC,42,6,3,8,5,1,4
GA6,ABOMUTIMA FC,51,8,6,8,5,0,4
GA6,AKARERE FC,49,7,6,6,10,2,4
GB5,ABASWAAMI FC,56,11,3,9,7,0,1
GB5,KYANGABUKAMA FC,44,11,2,9,10,1,2
GB6,AMARO FC,44,10,4,2,10,4,1
GB6,ENSHERA FC,56,6,2,2,5,0,4
GC3,SC MASIRI,49,7,2,5,11,4,2
GC3,ABABAAGI FC,51,8,3,3,12,4,1
K1,BATAKA FC,52,10,6,6,12,2,3
K1,KYANGABUKAMA FC,48,3,3,3,13,2,4
K2,AMARO FC,55,11,3,2,12,0,3
K2,KAJWAMBARA FC,45,10,4,1,7,1,2
K3,ENSHERA FC,53,6,6,7,6,3,1
K3,AKARERE FC,47,4,2,3,8,0,3
K4,ABABAAGI FC,45,6,2,2,11,1,1
K4,ABOMUTIMA FC,55,5,1,5,8,2,1
