Url,Caption,MatchID,Team,Credit,Season
sn1-01.jpg,Warming up on the pitch,,,,Season 1 · 2026
sn1-02.jpg,One big Kyogyera family,,,,Season 1 · 2026
sn1-03.jpg,The eagle at school,,,,Season 1 · 2026
sn1-04.jpg,Tents up at Kitabuguma,,,,Season 1 · 2026
sn1-05.jpg,Team talk,,,,Season 1 · 2026
sn1-06.jpg,Pure joy,,,,Season 1 · 2026
sn1-07.jpg,Carried away!,,,,Season 1 · 2026
sn1-08.jpg,Something on the grill,,,,Season 1 · 2026
sn1-09.jpg,Friends in jerseys,,,,Season 1 · 2026
sn1-10.jpg,Squad goals,,,,Season 1 · 2026
sn1-11.jpg,Handshakes all round,,,,Season 1 · 2026
sn1-12.jpg,All smiles,,,,Season 1 · 2026
sn1-13.jpg,Reunited,,,,Season 1 · 2026
sn1-14.jpg,Three friends,,,,Season 1 · 2026
sn1-15.jpg,Numbers on the back,,,,Season 1 · 2026
sn1-16.jpg,Coach's orders,,,,Season 1 · 2026
sn1-17.jpg,The crowd gathers,,,,Season 1 · 2026
sn1-18.jpg,Lined up on the pitch,,,,Season 1 · 2026
sn1-19.jpg,Supporters in blue,,,,Season 1 · 2026
sn1-20.jpg,Back at school,,,,Season 1 · 2026
sn1-21.jpg,Celebrating in the trees,,,,Season 1 · 2026
sn1-22.jpg,A warm welcome,,,,Season 1 · 2026
sn1-23.jpg,Big smiles,,,,Season 1 · 2026
sn1-24.jpg,Friends reunited,,,,Season 1 · 2026
sn1-25.jpg,Striking a pose,,,,Season 1 · 2026
sn1-26.jpg,Walking in together,,,,Season 1 · 2026
sn1-27.jpg,Arriving at the ground,,,,Season 1 · 2026
sn1-28.jpg,Matching in black,,,,Season 1 · 2026
sn1-29.jpg,Too cool,,,,Season 1 · 2026
sn1-30.jpg,Shades on,,,,Season 1 · 2026
sn1-31.jpg,Game face,,,,Season 1 · 2026
sn1-32.jpg,VIP,,,,Season 1 · 2026
