Team,Player,Number,Position
BATAKA FC,Owen Tumusiime,9,FW
BATAKA FC,Timothy Kamugisha,11,FW
BATAKA FC,Martin Bainomugisha,10,MF
BATAKA FC,Brian Atuhaire,8,MF
BATAKA FC,Ivan Byamukama,6,MF
BATAKA FC,Felix Bamwine,4,DF
BATAKA FC,Patrick Nuwagaba,5,DF
BATAKA FC,Patrick Atuhaire,3,DF
BATAKA FC,Edgar Turyahabwe,1,GK
ABOMUTIMA FC,Elvis Turyahabwe,9,FW
ABOMUTIMA FC,Timothy Bainomugisha,11,FW
ABOMUTIMA FC,Amos Atuhaire,10,MF
ABOMUTIMA FC,Samuel Besigye,8,MF
ABOMUTIMA FC,Isaac Ainebyoona,6,MF
ABOMUTIMA FC,Owen Bamwine,4,DF
ABOMUTIMA FC,Arthur Kamugisha,5,DF
ABOMUTIMA FC,Gerald Mwesigye,3,DF
ABOMUTIMA FC,Allan Besigye,1,GK
AKARERE FC,Owen Arinaitwe,9,FW
AKARERE FC,Innocent Ankunda,11,FW
AKARERE FC,Elvis Katusiime,10,MF
AKARERE FC,Joel Ankunda,8,MF
AKARERE FC,Emmanuel Ampaire,6,MF
AKARERE FC,Arthur Kakuru,4,DF
AKARERE FC,Julius Ainebyoona,5,DF
AKARERE FC,Edgar Nuwagaba,3,DF
AKARERE FC,Innocent Tumwine,1,GK
AKAKOMIIRE FC,Allan Mugisha,9,FW
AKAKOMIIRE FC,Emmanuel Turyahabwe,11,FW
AKAKOMIIRE FC,Samuel Baguma,10,MF
AKAKOMIIRE FC,Denis Ankunda,8,MF
AKAKOMIIRE FC,Timothy Rukundo,6,MF
AKAKOMIIRE FC,Andrew Ahimbisibwe,4,DF
AKAKOMIIRE FC,Ivan Arinaitwe,5,DF
AKAKOMIIRE FC,Felix Kansiime,3,DF
AKAKOMIIRE FC,Emmanuel Mwesigye,1,GK
KYANGABUKAMA FC,Nelson Tumwine,9,FW
KYANGABUKAMA FC,Frank Arinaitwe,11,FW
KYANGABUKAMA FC,Denis Bainomugisha,10,MF
KYANGABUKAMA FC,Rogers Mwesigye,8,MF
KYANGABUKAMA FC,Denis Nuwagaba,6,MF
KYANGABUKAMA FC,Felix Tumusiime,4,DF
KYANGABUKAMA FC,Allan Tumusiime,5,DF
KYANGABUKAMA FC,Moses Ahimbisibwe,3,DF
KYANGABUKAMA FC,Nelson Arinaitwe,1,GK
AMARO FC,Timothy Arinaitwe,9,FW
AMARO FC,Collins Bainomugisha,11,FW
AMARO FC,Rogers Bamwine,10,MF
AMARO FC,Collins Bamwine,8,MF
AMARO FC,Elvis Asiimwe,6,MF
AMARO FC,Arthur Byamukama,4,DF
AMARO FC,Nelson Ampaire,5,DF
AMARO FC,Denis Ampaire,3,DF
AMARO FC,Frank Kansiime,1,GK
ENSHERA FC,Edgar Rwakakooko,9,FW
ENSHERA FC,Joel Byamukama,11,FW
ENSHERA FC,Martin Ainebyoona,10,MF
ENSHERA FC,Hillary Arinaitwe,8,MF
ENSHERA FC,Julius Byamukama,6,MF
ENSHERA FC,Samuel Ahimbisibwe,4,DF
ENSHERA FC,Allan Nuwagaba,5,DF
ENSHERA FC,Innocent Ampaire,3,DF
ENSHERA FC,Denis Atuhaire,1,GK
ABASWAAMI FC,Rogers Turyahabwe,9,FW
ABASWAAMI FC,Derrick Kyarisiima,11,FW
ABASWAAMI FC,Nelson Kamugisha,10,MF
ABASWAAMI FC,Derrick Mwesigye,8,MF
ABASWAAMI FC,Jonan Twinomujuni,6,MF
ABASWAAMI FC,Samuel Kyarisiima,4,DF
ABASWAAMI FC,Isaac Kansiime,5,DF
ABASWAAMI FC,Felix Tumwine,3,DF
ABASWAAMI FC,Samuel Kakuru,1,GK
ABABAAGI FC,Ronald Twinomujuni,9,FW
ABABAAGI FC,Nelson Niwagaba,11,FW
ABABAAGI FC,Martin Katusiime,10,MF
ABABAAGI FC,Martin Kyarisiima,8,MF
ABABAAGI FC,Allan Twinomujuni,6,MF
ABABAAGI FC,Elvis Byaruhanga,4,DF
ABABAAGI FC,Owen Ampaire,5,DF
ABABAAGI FC,Rogers Ankunda,3,DF
ABABAAGI FC,Joel Ahimbisibwe,1,GK
KAJWAMBARA FC,Edgar Tumwine,9,FW
KAJWAMBARA FC,Hillary Byaruhanga,11,FW
KAJWAMBARA FC,Frank Kyarisiima,10,MF
KAJWAMBARA FC,Edgar Bainomugisha,8,MF
KAJWAMBARA FC,Derrick Atuhaire,6,MF
KAJWAMBARA FC,Martin Tumusiime,4,DF
KAJWAMBARA FC,Hillary Kansiime,5,DF
KAJWAMBARA FC,Owen Byaruhanga,3,DF
KAJWAMBARA FC,Elvis Rukundo,1,GK
SC MASIRI,Andrew Rwakakooko,9,FW
SC MASIRI,Frank Byaruhanga,11,FW
SC MASIRI,Rogers Arinaitwe,10,MF
SC MASIRI,Timothy Niwagaba,8,MF
SC MASIRI,Jonan Nuwagaba,6,MF
SC MASIRI,Owen Tukamushaba,4,DF
SC MASIRI,Brian Bamwine,5,DF
SC MASIRI,Edgar Bamwine,3,DF
SC MASIRI,Moses Byaruhanga,1,GK
