MatchID,Group,TeamHome,TeamAway,ScoreHome,ScoreAway,Date,Status,MOTM,MOTMTeam
GA1,A,BATAKA FC 2000-2005,ABOMUTIMA FC 2013-2018,,,08:00,,,
GA2,A,AKARERE FC 2015-2020,AKAKOMIIRE FC 2018-2024,,,08:25,,,
GB1,B,KYANGABUKAMA FC 2009-2014,AMARO FC 2014-2019,,,08:50,,,
GB2,B,ENSHERA FC 2016-2022,ABASWAAMI FC 2019-2025,,,09:15,,,
GC1,C,ABABAAGI FC 2011-2016,KAJWAMBARA FC 2012-2017,,,09:40,,,
GA3,A,BATAKA FC 2000-2005,AKARERE FC 2015-2020,,,10:05,,,
GA4,A,ABOMUTIMA FC 2013-2018,AKAKOMIIRE FC 2018-2024,,,10:30,,,
GB3,B,KYANGABUKAMA FC 2009-2014,ENSHERA FC 2016-2022,,,10:55,,,
GB4,B,AMARO FC 2014-2019,ABASWAAMI FC 2019-2025,,,11:20,,,
GC2,C,KAJWAMBARA FC 2012-2017,SC MASIRI 2017-2023,,,11:45,,,
GA5,A,AKAKOMIIRE FC 2018-2024,BATAKA FC 2000-2005,,,12:10,,,
GA6,A,ABOMUTIMA FC 2013-2018,AKARERE FC 2015-2020,,,12:35,,,
GB5,B,ABASWAAMI FC 2019-2025,KYANGABUKAMA FC 2009-2014,,,13:00,,,
GB6,B,AMARO FC 2014-2019,ENSHERA FC 2016-2022,,,13:25,,,
GC3,C,SC MASIRI 2017-2023,ABABAAGI FC 2011-2016,,,13:50,,,
